Workbook

Sheet Key
A1: Haisley · competition options, November 2026 to December 2027
A2: Built 20 October 2026 from the Volleyball Life crawl and CBVA’s tournament database.
A4: Her TruVolley | B4: 9.678 | C4: Her own current rating.
A5: Her pair rating | B5: 9.5 | C5: What a team of hers rates: she enters with partners rated 9.1-9.5, so the teams that outrank her team are the ones averaging above this. Edit this cell and the match-odds column on Beach Pro Tour moves with it.
A6: Peer band | B6: 9.20–10.10 | C6: The rating range counted as “a pair rated like hers” when measuring how many sets a draw actually gives.
A7: Contested | B7: within 0.75 | C7: A set is contested when the opposing pair rates within this of her own. Everything else is a formality.
A8: Calendar entries | B8: 78 | C8: Rows on the Calendar sheet.
A9: Weekend pairs | B9: 7 | C9: Weekends holding two one-day draws within reach of one hotel.
A10: Pro-am draws listed | B10: 18 | C10: Highline and AVP Next women's opens in California since 2025.
A11: Players rated | B11: 2819 | C11: TruVolley ratings held for the entrants behind every field number in the book.
A13: What each kind of date is
A14: Selection | C14: A national-team or ISF trial. The only rows that can put her on a team.
A15: National junior | C15: A national junior championship: the deepest fields she is age-eligible for, and the longest days.
A16: Junior circuit | C16: The p1440 / IBVL / BVNE junior circuit. Regular, shallower, useful for reps and ranking points.
A17: Women's open | C17: An adult draw. Harder opponents than most junior dates, but four sets rather than twenty.
A18: Pro-am open | C18: A promoter's adult open with a purse -- Highline or AVP Next. Harder than CBVA and three times the sets.
A19: Out of reach | C19: Professional or qualification-only. A median above 10.3 and two or three sets before the exit.
A20: Grass | C20: Played on grass, which carries its own TruVolley. Nothing that happens there can move her sand rating.
A22: Two age charts, one year apart
A23: USA Volleyball | C23: NTDP rosters and national-team trials. She is U18 in 2027.
A24: AVP Juniors, AAU, BVCA | C24: The junior championships, labelled a year younger. She is 17U in 2027, and the 18U draws are playing up.
A25: p1440 Futures Tour | C25: Runs 16U and 18U only. She ages out of 16U, so 18U is the only option.
A27: The page this book was built from: https://cormacflanagan.github.io/VB/docs/plan-2027.html

Sheet Calendar
A1: Date | B1: Date is | C1: Days | D1: Event | E1: Venue | F1: State | G1: Draw | H1: Kind | I1: Her band | J1: Field median | K1: Above her | L1: Sets | M1: Contested | N1: Contested share | O1: Weekend pair | P1: Link
A2: 46327 | B2: posted | C2: 1 | D2: America’s Challenge (p1440) | E2: Hermosa Beach Pier | F2: CA | G2: 18U | H2: Junior circuit | N2: =IFERROR(M2/L2,"") | P2: https://volleyballlife.com/tournament/35287
A3: 46333 | B3: posted | C3: 2 | D3: AVP Juniors West Coast Championships | E3: Manhattan Beach | F3: CA | G3: 18U | H3: National junior | J3: 9.5015 | K3: 17 | L3: 14.666667 | M3: 7 | N3: =IFERROR(M3/L3,"") | P3: https://volleyballlife.com/tournament/34245
A4: 46333 | B4: posted | C4: 2 | D4: AVP Juniors West Coast Championships | E4: Manhattan Beach | F4: CA | G4: 17U | H4: National junior | I4: yes | J4: 7.714 | K4: 0 | L4: 15 | M4: 5 | N4: =IFERROR(M4/L4,"") | P4: https://volleyballlife.com/tournament/34245
A5: 46333 | B5: posted | C5: 1 | D5: CBVA women’s open | E5: Belmont Shore, Long Beach | F5: CA | G5: Open | H5: Women's open | J5: 8.711 | K5: 5 | L5: 4 | M5: 1.6666667 | N5: =IFERROR(M5/L5,"") | P5: https://cbva.com/venues/3
A6: 46340 | B6: posted | C6: 1 | D6: p1440 1X Ranking Event | E6: Arizona Athletic Grounds, Mesa | F6: AZ | G6: 18U | H6: Junior circuit | N6: =IFERROR(M6/L6,"") | P6: https://volleyballlife.com/tournament/41163
A7: 46340 | B7: posted | C7: 1 | D7: The National Classic (p1440) | E7: Hermosa Beach Pier | F7: CA | G7: 18U | H7: Junior circuit | J7: 8.597 | K7: 1 | L7: 1 | M7: 0 | N7: =IFERROR(M7/L7,"") | P7: https://volleyballlife.com/tournament/35286
A8: 46340 | B8: posted | C8: 1 | D8: CBVA women’s open | E8: Newland, Huntington Beach | F8: CA | G8: Open | H8: Women's open | J8: 8.769 | K8: 6 | L8: 4.0625 | M8: 1.8125 | N8: =IFERROR(M8/L8,"") | P8: https://cbva.com/venues/4
A9: 46347 | B9: posted | C9: 2 | D9: Futures Tour 3X: Fall Championships | E9: Manhattan Beach | F9: CA | G9: 18U | H9: National junior | I9: yes | N9: =IFERROR(M9/L9,"") | P9: https://volleyballlife.com/tournament/41692
A10: 46347 | B10: posted | C10: 1 | D10: MAVERICKS AVP Qualifier | E10: Main Beach, Santa Cruz | F10: CA | G10: 18U | H10: Junior circuit | J10: 6.429 | K10: 0 | N10: =IFERROR(M10/L10,"") | P10: https://volleyballlife.com/tournament/35628
A11: 46347 | B11: posted | C11: 1 | D11: CBVA women’s open | E11: North Beach, Santa Monica | F11: CA | G11: Open | H11: Women's open | K11: 0 | N11: =IFERROR(M11/L11,"") | O11: 21 Nov + 22 Nov | P11: https://cbva.com/venues/16
A12: 46348 | B12: posted | C12: 1 | D12: CBVA women’s open | E12: Main Beach, Laguna Beach | F12: CA | G12: Open | H12: Women's open | J12: 8.929 | K12: 4 | L12: 6.5 | M12: 5.5 | N12: =IFERROR(M12/L12,"") | O12: 21 Nov + 22 Nov | P12: https://cbva.com/venues/5
A13: 46368 | B13: posted | C13: 1 | D13: AVP Winter Las Vegas | E13: Sunset Park, Las Vegas | F13: NV | G13: 18U | H13: Junior circuit | J13: 6.2515 | K13: 0 | N13: =IFERROR(M13/L13,"") | P13: https://volleyballlife.com/tournament/41138
A14: 46368 | B14: posted | C14: 1 | D14: p1440 1X Ranking Event | E14: Arizona Athletic Grounds, Mesa | F14: AZ | G14: 18U | H14: Junior circuit | N14: =IFERROR(M14/L14,"") | P14: https://volleyballlife.com/tournament/41164
A15: 46369 | B15: posted | C15: 1 | D15: Los Angeles Grand Prix (p1440) | E15: Hermosa Beach Pier | F15: CA | G15: 18U | H15: Junior circuit | J15: 9.1305 | K15: 6 | L15: 2.5 | M15: 1 | N15: =IFERROR(M15/L15,"") | P15: https://volleyballlife.com/tournament/32937
A16: 46369 | B16: posted | C16: 1 | D16: Pan Pacific Championships (p1440) | E16: Hermosa Beach Pier | F16: CA | G16: 18U | H16: Junior circuit | J16: 8.743 | K16: 0 | L16: 2 | M16: 1 | N16: =IFERROR(M16/L16,"") | P16: https://volleyballlife.com/tournament/35288
A17: 46386 | B17: posted | C17: 1 | D17: IBVL Winter Series #1 (Girls) | E17: Hermosa Beach Pier | F17: CA | G17: 18U | H17: Junior circuit | J17: 9.0765 | K17: 8 | L17: 7.75 | M17: 4 | N17: =IFERROR(M17/L17,"") | P17: https://volleyballlife.com/tournament/41068
A18: 46396 | B18: posted | C18: 1 | D18: p1440 1X Ranking Event | E18: Arizona Athletic Grounds, Mesa | F18: AZ | G18: 18U | H18: Junior circuit | N18: =IFERROR(M18/L18,"") | P18: https://volleyballlife.com/tournament/41165
A19: 46397 | B19: posted | C19: 1 | D19: IBVL Winter Classic (Girls p1440) | E19: Hermosa Beach Pier | F19: CA | G19: 18U | H19: Junior circuit | J19: 9.0765 | K19: 8 | L19: 7.75 | M19: 4 | N19: =IFERROR(M19/L19,"") | P19: https://volleyballlife.com/tournament/41069
A20: 46403 | B20: posted | C20: 2 | D20: Futures Tour 2X: Arizona | E20: Arizona Athletic Grounds, Mesa | F20: AZ | G20: 18U | H20: Junior circuit | I20: yes | J20: 8.286 | K20: 9 | L20: 21 | M20: 8.25 | N20: =IFERROR(M20/L20,"") | P20: https://volleyballlife.com/tournament/41707
A21: 46410 | B21: posted | C21: 2 | D21: IBVL Winter Nationals (Girls) | E21: Hermosa Beach Pier | F21: CA | G21: 18U | H21: Junior circuit | J21: 9.485 | K21: 4 | L21: 16 | M21: 11 | N21: =IFERROR(M21/L21,"") | P21: https://volleyballlife.com/tournament/41070
A22: 46416 | B22: estimated | C22: 2 | D22: USAV U18 Beach National Team Trials | E22: Manhattan Beach Pier | F22: CA | G22: 18U | H22: Selection | I22: yes | J22: 9.4015 | K22: 4 | L22: 12.5 | M22: 9.5 | N22: =IFERROR(M22/L22,"") | P22: https://volleyballlife.com/tournament/34180
A23: 46424 | B23: posted | C23: 1 | D23: Kauai Bikini Open | E23: North Beach, Santa Monica | F23: CA | G23: 18U | H23: Junior circuit | J23: 7.224 | K23: 0 | N23: =IFERROR(M23/L23,"") | O23: 6 Feb + 7 Feb | P23: https://volleyballlife.com/tournament/41121
A24: 46425 | B24: posted | C24: 1 | D24: IBVL Winter Nationals (School Event) — ISF trial | E24: Hermosa Beach Pier | F24: CA | G24: 18U | H24: Selection | I24: yes | J24: 9.485 | K24: 4 | L24: 16 | M24: 11 | N24: =IFERROR(M24/L24,"") | O24: 6 Feb + 7 Feb | P24: https://volleyballlife.com/tournament/41071
A25: 46431 | B25: posted | C25: 1 | D25: p1440 1X Ranking Event | E25: Arizona Athletic Grounds, Mesa | F25: AZ | G25: 18U | H25: Junior circuit | N25: =IFERROR(M25/L25,"") | P25: https://volleyballlife.com/tournament/41166
A26: 46445 | B26: estimated | C26: 1 | D26: Highline Sponsorship Open ($5K) | E26: Ocean Park North, Santa Monica | F26: CA | G26: Open | H26: Out of reach | J26: 10.0125 | K26: 17 | L26: 5.5 | M26: 3.25 | N26: =IFERROR(M26/L26,"") | P26: https://volleyballlife.com/tournament/36177
A27: 46453 | B27: posted | C27: 1 | D27: California IBVL Winter Series Championships (p1440) | E27: Hermosa Beach Pier | F27: CA | G27: 18U | H27: Junior circuit | J27: 8.922 | K27: 1 | L27: 8.3333333 | M27: 8 | N27: =IFERROR(M27/L27,"") | O27: 6 Mar + 7 Mar | P27: https://volleyballlife.com/tournament/41072
A28: 46467 | B28: posted | C28: 1 | D28: Marine Open (Girls p1440) | E28: Manhattan Beach Lifeguard HQ | F28: CA | G28: 18U | H28: Junior circuit | K28: 0 | N28: =IFERROR(M28/L28,"") | O28: 20 Mar + 21 Mar | P28: https://volleyballlife.com/tournament/41074
A29: 46452 | B29: projected | C29: 1 | D29: CBVA women’s open | E29: Manhattan Pier, Manhattan Beach | F29: CA | G29: Open | H29: Women's open | J29: 9.1665 | K29: 6 | L29: 9.2666667 | M29: 5.9333333 | N29: =IFERROR(M29/L29,"") | O29: 6 Mar + 7 Mar | P29: https://cbva.com/venues/2
A30: 46466 | B30: projected | C30: 1 | D30: CBVA women’s open | E30: Newland, Huntington Beach | F30: CA | G30: Open | H30: Women's open | J30: 9.088 | K30: 8 | L30: 4.5238095 | M30: 3.047619 | N30: =IFERROR(M30/L30,"") | O30: 20 Mar + 21 Mar | P30: https://cbva.com/venues/4
A31: 46474 | B31: projected | C31: 1 | D31: CBVA women’s open | E31: Dockweiler, Los Angeles | F31: CA | G31: Open | H31: Women's open | J31: 8.755 | K31: 2 | L31: 5.25 | M31: 0.75 | N31: =IFERROR(M31/L31,"") | P31: https://cbva.com/venues/1
A32: 46480 | B32: posted | C32: 2 | D32: Futures Tour 2X: California | E32: North Beach, Santa Monica | F32: CA | G32: 18U | H32: Junior circuit | I32: yes | N32: =IFERROR(M32/L32,"") | P32: https://volleyballlife.com/tournament/41882
A33: 46495 | B33: posted | C33: 1 | D33: p1440 Hermosa Beach Circuit Championships (2X) | E33: Hermosa Beach Pier | F33: CA | G33: 18U | H33: Junior circuit | J33: 9.414 | K33: 7 | L33: 5.25 | M33: 3.25 | N33: =IFERROR(M33/L33,"") | P33: https://volleyballlife.com/tournament/41075
A34: 46488 | B34: projected | C34: 1 | D34: CBVA women’s open | E34: Ocean Park, Santa Monica | F34: CA | G34: Open | H34: Women's open | J34: 9.015 | K34: 6 | L34: 4.2666667 | M34: 2.8666667 | N34: =IFERROR(M34/L34,"") | P34: https://cbva.com/venues/7
A35: 46501 | B35: projected | C35: 1 | D35: CBVA women’s open | E35: Manhattan Pier, Manhattan Beach | F35: CA | G35: Open | H35: Women's open | J35: 8.885 | K35: 7 | L35: 3.5333333 | M35: 1.3333333 | N35: =IFERROR(M35/L35,"") | P35: https://cbva.com/venues/2
A36: 46501 | B36: projected | C36: 1 | D36: CBVA women’s open | E36: Main Beach, Santa Cruz | F36: CA | G36: Open | H36: Women's open | J36: 7.68 | K36: 1 | L36: 3.6666667 | M36: 0.66666667 | N36: =IFERROR(M36/L36,"") | P36: https://cbva.com/venues/8
A37: 46522 | B37: projected | C37: 1 | D37: CBVA women’s open | E37: Ocean Park, Santa Monica | F37: CA | G37: Open | H37: Women's open | J37: 8.757 | K37: 3 | L37: 3.7777778 | M37: 2 | N37: =IFERROR(M37/L37,"") | O37: 15 May + 16 May | P37: https://cbva.com/venues/7
A38: 46523 | B38: projected | C38: 1 | D38: CBVA women’s open | E38: Belmont Shore, Long Beach | F38: CA | G38: Open | H38: Women's open | J38: 8.757 | K38: 4 | L38: 4.25 | M38: 1.75 | N38: =IFERROR(M38/L38,"") | O38: 15 May + 16 May | P38: https://cbva.com/venues/3
A39: 46508 | B39: projected | C39: 1 | D39: CBVA women’s open | E39: Manhattan Pier, Manhattan Beach | F39: CA | G39: Open | H39: Women's open | J39: 8.826 | K39: 4 | L39: 3.75 | M39: 1.25 | N39: =IFERROR(M39/L39,"") | P39: https://cbva.com/venues/2
A40: 46536 | B40: projected | C40: 1 | D40: CBVA women’s open | E40: Ocean Beach, San Diego | F40: CA | G40: Open | H40: Women's open | J40: 7.783 | K40: 3 | L40: 3 | M40: 1 | N40: =IFERROR(M40/L40,"") | P40: https://cbva.com/venues/13
A41: 46529 | B41: projected | C41: 1 | D41: CBVA women’s open | E41: Hermosa Pier, Hermosa Beach | F41: CA | G41: Open | H41: Women's open | J41: 9.11 | K41: 9 | L41: 2.7142857 | M41: 0.85714286 | N41: =IFERROR(M41/L41,"") | P41: https://cbva.com/venues/6
A42: 46529 | B42: projected | C42: 1 | D42: CBVA women’s open | E42: Main Beach, Santa Cruz | F42: CA | G42: Open | H42: Women's open | J42: 7.668 | K42: 1 | L42: 4 | M42: 0 | N42: =IFERROR(M42/L42,"") | P42: https://cbva.com/venues/8
A43: 46543 | B43: posted | C43: 1 | D43: Kauai Bikini Open | E43: North Beach, Santa Monica | F43: CA | G43: 18U | H43: Junior circuit | J43: 6.8205 | K43: 0 | N43: =IFERROR(M43/L43,"") | O43: 5 Jun + 6 Jun | P43: https://volleyballlife.com/tournament/41127
A44: 46552 | B44: estimated | C44: 2 | D44: USAV U19 / U21 Worlds Trials — if the cycle runs | E44: Hermosa Beach Pier | F44: CA | G44: Open | H44: Selection | N44: =IFERROR(M44/L44,"") | P44: https://usavolleyball.org/events/
A45: 46566 | B45: estimated | C45: 2 | D45: BVCA Pairs West Coast Championships | E45: Newland, Huntington Beach | F45: CA | G45: 18U | H45: Junior circuit | J45: 8.1805 | K45: 1 | L45: 17.4 | M45: 8.4 | N45: =IFERROR(M45/L45,"") | P45: https://volleyballlife.com/tournament/35588
A46: 46566 | B46: estimated | C46: 2 | D46: BVCA Pairs West Coast Championships | E46: Newland, Huntington Beach | F46: CA | G46: 17U | H46: Junior circuit | I46: yes | J46: 7.398 | K46: 0 | N46: =IFERROR(M46/L46,"") | P46: https://volleyballlife.com/tournament/35588
A47: 46566 | B47: posted | C47: 2 | D47: 2027 Futures Tour National Championships | E47: Southern California | F47: CA | G47: 18U | H47: National junior | I47: yes | J47: 8.6945 | K47: 6 | L47: 15.428571 | M47: 8.1428571 | N47: =IFERROR(M47/L47,"") | P47: https://volleyballlife.com/tournament/39825
A48: 46544 | B48: projected | C48: 1 | D48: CBVA women’s open | E48: Dockweiler, Los Angeles | F48: CA | G48: Open | H48: Women's open | J48: 8.88 | K48: 6 | L48: 4.4285714 | M48: 2.7142857 | N48: =IFERROR(M48/L48,"") | O48: 5 Jun + 6 Jun | P48: https://cbva.com/venues/1
A49: 46550 | B49: projected | C49: 1 | D49: CBVA women’s open | E49: Mission Beach, San Diego | F49: CA | G49: Open | H49: Women's open | J49: 7.92 | K49: 3 | L49: 4.5 | M49: 2.3333333 | N49: =IFERROR(M49/L49,"") | P49: https://cbva.com/venues/15
A50: 46565 | B50: projected | C50: 1 | D50: CBVA women’s open | E50: Santa Monica Pier, Santa Monica | F50: CA | G50: Open | H50: Women's open | J50: 9.332 | K50: 22 | L50: 3.9354839 | M50: 2.2580645 | N50: =IFERROR(M50/L50,"") | P50: https://cbva.com/venues/17
A51: 46550 | B51: projected | C51: 1 | D51: CBVA women’s open | E51: Manhattan Pier, Manhattan Beach | F51: CA | G51: Open | H51: Women's open | J51: 9.21 | K51: 13 | L51: 3.6111111 | M51: 2 | N51: =IFERROR(M51/L51,"") | P51: https://cbva.com/venues/2
A52: 46544 | B52: projected | C52: 1 | D52: CBVA women’s open | E52: Ocean Park, Santa Monica | F52: CA | G52: Open | H52: Women's open | J52: 8.799 | K52: 7 | L52: 4.375 | M52: 1.75 | N52: =IFERROR(M52/L52,"") | O52: 5 Jun + 6 Jun | P52: https://cbva.com/venues/7
A53: 46557 | B53: projected | C53: 1 | D53: CBVA women’s open | E53: Main Beach, Santa Cruz | F53: CA | G53: Open | H53: Women's open | J53: 7.668 | K53: 3 | L53: 5.8333333 | M53: 0.83333333 | N53: =IFERROR(M53/L53,"") | P53: https://cbva.com/venues/8
A54: 46574 | B54: estimated | C54: 3 | D54: BVCA Individual Pairs National Championship | E54: Hermosa Beach | F54: CA | G54: 18U | H54: National junior | J54: 7.49 | K54: 14 | L54: 17.692308 | M54: 5.4615385 | N54: =IFERROR(M54/L54,"") | P54: https://volleyballlife.com/tournament/38087
A55: 46582 | B55: posted | C55: 3 | D55: 34th AAU Hermosa Beach National Pairs Championships | E55: Hermosa Beach Pier | F55: CA | G55: 18U | H55: National junior | J55: 8.285 | K55: 7 | L55: 19.4 | M55: 7.4 | N55: =IFERROR(M55/L55,"") | P55: https://volleyballlife.com/tournament/40248
A56: 46582 | B56: posted | C56: 3 | D56: 34th AAU Hermosa Beach National Pairs Championships | E56: Hermosa Beach Pier | F56: CA | G56: 17U | H56: National junior | I56: yes | J56: 7.0825 | K56: 0 | L56: 19.666667 | M56: 5 | N56: =IFERROR(M56/L56,"") | P56: https://volleyballlife.com/tournament/40248
A57: 46589 | B57: estimated | C57: 3 | D57: AVP Juniors National Championships | E57: Hermosa Beach Pier | F57: CA | G57: 18U | H57: National junior | J57: 8.5035 | K57: 18 | L57: 24.272727 | M57: 13.090909 | N57: =IFERROR(M57/L57,"") | P57: https://volleyballlife.com/tournament/34243
A58: 46589 | B58: estimated | C58: 3 | D58: AVP Juniors National Championships | E58: Hermosa Beach Pier | F58: CA | G58: 17U | H58: National junior | I58: yes | J58: 7.146 | K58: 3 | L58: 22.5 | M58: 7.5 | N58: =IFERROR(M58/L58,"") | P58: https://volleyballlife.com/tournament/34243
A59: 46592 | B59: estimated | C59: 1 | D59: Tahoe Championships — grass, separate rating | E59: Kahle Park, South Lake Tahoe | F59: NV | G59: Open | H59: Grass | J59: 7.509 | K59: 1 | L59: 3 | M59: 0 | N59: =IFERROR(M59/L59,"") | P59: https://volleyballlife.com/tournament/30456
A60: 46592 | B60: projected | C60: 1 | D60: CBVA women’s open | E60: Manhattan Pier, Manhattan Beach | F60: CA | G60: Open | H60: Women's open | J60: 9.1815 | K60: 20 | L60: 5.52 | M60: 3.16 | N60: =IFERROR(M60/L60,"") | P60: https://cbva.com/venues/2
A61: 46579 | B61: projected | C61: 1 | D61: CBVA women’s open | E61: Beach Blvd, Huntington Beach | F61: CA | G61: Open | H61: Women's open | J61: 8.887 | K61: 15 | L61: 5.1333333 | M61: 2.4 | N61: =IFERROR(M61/L61,"") | P61: https://cbva.com/venues/21
A62: 46586 | B62: projected | C62: 1 | D62: CBVA women’s open | E62: Ocean Park, Santa Monica | F62: CA | G62: Open | H62: Women's open | J62: 9.269 | K62: 11 | L62: 4 | M62: 1.9583333 | N62: =IFERROR(M62/L62,"") | P62: https://cbva.com/venues/7
A63: 46579 | B63: projected | C63: 1 | D63: CBVA women’s open | E63: East Beach, Santa Barbara | F63: CA | G63: Open | H63: Women's open | J63: 8.298 | K63: 9 | L63: 4.5555556 | M63: 1.3333333 | N63: =IFERROR(M63/L63,"") | P63: https://cbva.com/venues/18
A64: 46585 | B64: projected | C64: 1 | D64: CBVA women’s open | E64: Main Beach, Santa Cruz | F64: CA | G64: Open | H64: Women's open | J64: 7.8485 | K64: 3 | L64: 6 | M64: 1 | N64: =IFERROR(M64/L64,"") | P64: https://cbva.com/venues/8
A65: 46621 | B65: estimated | C65: 2 | D65: Super Girl Pro Invitational | E65: Oceanside Pier | F65: CA | G65: 18U | H65: Junior circuit | J65: 7.351 | K65: 0 | N65: =IFERROR(M65/L65,"") | P65: https://volleyballlife.com/tournament/40465
A66: 46607 | B66: projected | C66: 1 | D66: CBVA women’s open | E66: Ocean Park, Santa Monica | F66: CA | G66: Open | H66: Women's open | J66: 9.487 | K66: 16 | L66: 3.5862069 | M66: 1.9655172 | N66: =IFERROR(M66/L66,"") | P66: https://cbva.com/venues/7
A67: 46614 | B67: projected | C67: 1 | D67: CBVA women’s open | E67: Hermosa Pier, Hermosa Beach | F67: CA | G67: Open | H67: Women's open | J67: 9.536 | K67: 25 | L67: 4.025 | M67: 1.925 | N67: =IFERROR(M67/L67,"") | P67: https://cbva.com/venues/6
A68: 46613 | B68: projected | C68: 1 | D68: CBVA women’s open | E68: Main Beach, Santa Cruz | F68: CA | G68: Open | H68: Women's open | J68: 7.6825 | K68: 2 | L68: 5.1666667 | M68: 1.1666667 | N68: =IFERROR(M68/L68,"") | P68: https://cbva.com/venues/8
A69: 46620 | B69: projected | C69: 1 | D69: CBVA women’s open | E69: Ocean Beach, San Diego | F69: CA | G69: Open | H69: Women's open | J69: 8.145 | K69: 5 | L69: 4 | M69: 1.1111111 | N69: =IFERROR(M69/L69,"") | P69: https://cbva.com/venues/13
A70: 46642 | B70: projected | C70: 1 | D70: CBVA women’s open | E70: Ocean Park, Santa Monica | F70: CA | G70: Open | H70: Women's open | J70: 8.936 | K70: 6 | L70: 3.8888889 | M70: 2.1111111 | N70: =IFERROR(M70/L70,"") | P70: https://cbva.com/venues/7
A71: 46635 | B71: projected | C71: 1 | D71: CBVA women’s open | E71: Huntington Pier, Huntington Beach | F71: CA | G71: Open | H71: Women's open | J71: 9.334 | K71: 15 | L71: 4.4 | M71: 2.0666667 | N71: =IFERROR(M71/L71,"") | P71: https://cbva.com/venues/22
A72: 46641 | B72: projected | C72: 1 | D72: CBVA women’s open | E72: Main Beach, Santa Cruz | F72: CA | G72: Open | H72: Women's open | J72: 7.668 | K72: 1 | L72: 2.5 | M72: 0 | N72: =IFERROR(M72/L72,"") | P72: https://cbva.com/venues/8
A73: 46661 | B73: estimated | C73: 2 | D73: The Santa Barbara Open (AVP Next) | E73: East Beach, Santa Barbara | F73: CA | G73: Open | H73: Pro-am open | J73: 9.6455 | K73: 27 | L73: 11.333333 | M73: 5 | N73: =IFERROR(M73/L73,"") | P73: https://volleyballlife.com/tournament/28899
A74: 46669 | B74: projected | C74: 1 | D74: CBVA women’s open | E74: Belmont Shore, Long Beach | F74: CA | G74: Open | H74: Women's open | J74: 8.905 | K74: 4 | L74: 4.3636364 | M74: 2.7272727 | N74: =IFERROR(M74/L74,"") | P74: https://cbva.com/venues/3
A75: 46683 | B75: projected | C75: 1 | D75: CBVA women’s open | E75: Main Beach, Santa Cruz | F75: CA | G75: Open | H75: Women's open | J75: 7.573 | K75: 0 | L75: 4.6666667 | M75: 0 | N75: =IFERROR(M75/L75,"") | P75: https://cbva.com/venues/8
A76: 46697 | B76: estimated | C76: 2 | D76: AVP Juniors West Coast Championships | E76: Manhattan Beach | F76: CA | G76: 18U | H76: National junior | J76: 9.5015 | K76: 17 | L76: 14.666667 | M76: 7 | N76: =IFERROR(M76/L76,"") | P76: https://volleyballlife.com/tournament/25578
A77: 46697 | B77: estimated | C77: 2 | D77: AVP Juniors West Coast Championships | E77: Manhattan Beach | F77: CA | G77: 17U | H77: National junior | I77: yes | J77: 7.714 | K77: 0 | L77: 15 | M77: 5 | N77: =IFERROR(M77/L77,"") | P77: https://volleyballlife.com/tournament/25578
A78: 46697 | B78: projected | C78: 1 | D78: CBVA women’s open | E78: Newland, Huntington Beach | F78: CA | G78: Open | H78: Women's open | J78: 8.769 | K78: 6 | L78: 4.0625 | M78: 1.8125 | N78: =IFERROR(M78/L78,"") | P78: https://cbva.com/venues/4
A79: 46732 | B79: estimated | C79: 1 | D79: AVP Winter Las Vegas | E79: Sunset Park, Las Vegas | F79: NV | G79: 18U | H79: Junior circuit | J79: 6.2515 | K79: 0 | N79: =IFERROR(M79/L79,"") | P79: https://volleyballlife.com/tournament/41138
A81: Date: a posted date is the organiser's; an estimated date is last year's edition moved into 2027; a projected date is a CBVA slot placed by its own history (exact 45% of the time, within a week 91%) -- the page shows those as a month rather than a day, because the day is a projection. Days is how long her own draw runs, counted from the dates her division actually played at the most recent edition, not how long the event around it runs. Field median, above her, sets and contested all describe that most recent edition, not the 2027 one.

Sheet Weekend pairs
A1: Saturday | B1: Saturday event | C1: Saturday venue | D1: Sunday | E1: Sunday event | F1: Sunday venue | G1: Miles | H1: Minutes | I1: Sat contested | J1: Sun contested | K1: Weekend total | L1: Dates
A2: 46347 | B2: CBVA women’s open | C2: North Beach, Santa Monica | D2: 46348 | E2: CBVA women’s open | F2: Main Beach, Laguna Beach | G2: 52 | H2: 70 | J2: 5.5 | K2: =SUM(I2:J2) | L2: Both posted
A3: 46424 | B3: Kauai Bikini Open | C3: North Beach, Santa Monica | D3: 46425 | E3: IBVL Winter Nationals (School Event) — ISF trial | F3: Hermosa Beach Pier | G3: 13 | H3: 30 | J3: 11 | K3: =SUM(I3:J3) | L3: Both posted
A4: 46452 | B4: CBVA women’s open | C4: Manhattan Pier, Manhattan Beach | D4: 46453 | E4: California IBVL Winter Series Championships (p1440) | F4: Hermosa Beach Pier | G4: 3 | H4: 10 | I4: 5.9333333 | J4: 8 | K4: =SUM(I4:J4) | L4: One posted, one projected
A5: 46466 | B5: CBVA women’s open | C5: Newland, Huntington Beach | D5: 46467 | E5: Marine Open (Girls p1440) | F5: Manhattan Beach Lifeguard HQ | G5: 33 | H5: 45 | I5: 3.047619 | K5: =SUM(I5:J5) | L5: One posted, one projected
A6: 46522 | B6: CBVA women’s open | C6: Ocean Park, Santa Monica | D6: 46523 | E6: CBVA women’s open | F6: Belmont Shore, Long Beach | G6: 30 | H6: 45 | I6: 2 | J6: 1.75 | K6: =SUM(I6:J6) | L6: Both projected
A7: 46543 | B7: Kauai Bikini Open | C7: North Beach, Santa Monica | D7: 46544 | E7: CBVA women’s open | F7: Dockweiler, Los Angeles | G7: 8 | H7: 20 | J7: 2.7142857 | K7: =SUM(I7:J7) | L7: One posted, one projected
A8: 46543 | B8: Kauai Bikini Open | C8: North Beach, Santa Monica | D8: 46544 | E8: CBVA women’s open | F8: Ocean Park, Santa Monica | G8: 1 | H8: 5 | J8: 1.75 | K8: =SUM(I8:J8) | L8: One posted, one projected
A10: Two one-day draws on the two days of one weekend, within reach of one hotel. A weekend total with a blank beside it is a floor: the corpus carries no bracket for the Kauai Bikini Open or the Marine Open, so their sets are unknown rather than zero. Miles and minutes are approximate road distances read off the map.

Sheet Pro-am circuit
A1: Date | B1: Series | C1: Event | D1: Venue | E1: Days | F1: Teams | G1: Field median | H1: Above her | I1: Sets | J1: Contested | K1: Contested share | L1: Rated pairs | M1: Link
A2: 45816 | B2: Highline | C2: Soli / Highline - Open Tournament | D2: Ocean Park North Volleyball Courts | E2: 1 | F2: 20 | G2: 9.62 | H2: 17 | I2: 6.1666667 | J2: 3.3333333 | K2: =IFERROR(J2/I2,"") | L2: 6 | M2: https://volleyballlife.com/tournament/28813
A3: 45857 | B3: Highline | C3: Highline Women's Open | D3: Dockweiler State Beach | E3: 1 | F3: 18 | G3: 9.9715 | H3: 18 | I3: 10 | J3: 3.75 | K3: =IFERROR(J3/I3,"") | L3: 4 | M3: https://volleyballlife.com/tournament/30939
A4: 45892 | B4: Highline | C4: Highline x WITH - The Santa Monica Open $10K | D4: Ocean Park North Volleyball Courts | E4: 2 | F4: 20 | G4: 9.777 | H4: 16 | I4: 9.8571429 | J4: 4.2857143 | K4: =IFERROR(J4/I4,"") | L4: 7 | M4: https://volleyballlife.com/tournament/30355
A5: 45933 | B5: AVP Next | C5: The Santa Barbara Open- AVP Next | D5: Santa Barbara | E5: 3 | F5: 32 | G5: 9.6455 | H5: 27 | I5: 11.333333 | J5: 5 | K5: =IFERROR(J5/I5,"") | L5: 9 | M5: https://volleyballlife.com/tournament/28899
A6: 45977 | B6: Highline | C6: Mad Hippie Highline Open | D6: Manhattan Beach Pier | E6: 1 | F6: 16 | G6: 10.002 | H6: 18 | I6: 7.1666667 | J6: 3.8333333 | K6: =IFERROR(J6/I6,"") | L6: 6 | M6: https://volleyballlife.com/tournament/33832
A7: 46074 | B7: Highline | C7: Men's/Women's Open - AVP League Format | D7: 2400 Ocean Front Walk | E7: 1 | F7: 12 | G7: 9.9845 | H7: 13 | I7: 12 | J7: 6.6 | K7: =IFERROR(J7/I7,"") | L7: 5 | M7: https://volleyballlife.com/tournament/35531
A8: 46081 | B8: Highline | C8: Highline Sponsorship Open ($5K) | D8: Ocean Park North | E8: 1 | F8: 17 | G8: 10.0125 | H8: 17 | I8: 5.5 | J8: 3.25 | K8: =IFERROR(J8/I8,"") | L8: 4 | M8: https://volleyballlife.com/tournament/36177
A9: 46089 | B9: Highline | C9: Men's/Women's Open - “League” Format | D9: Manhattan Beach Pier South | E9: 1 | F9: 11 | G9: 9.431 | H9: 10 | I9: 11.4 | J9: 6 | K9: =IFERROR(J9/I9,"") | L9: 5 | M9: https://volleyballlife.com/tournament/36426
A10: 46116 | B10: Highline | C10: Highline x HOBVF x Beach United - Men's/Women's Open | D10: The Huntington Beach Courts | E10: 1 | F10: 13 | G10: 9.398 | H10: 7 | I10: 10.333333 | J10: 5 | K10: =IFERROR(J10/I10,"") | L10: 3 | M10: https://volleyballlife.com/tournament/37280
A11: 46122 | B11: AVP Next | C11: AVP NEXT Huntington Beach Series - $8,000 Purse | D11: Beach Elite Volleyball Courts @ Brookhurst Street | E11: 2 | F11: 14 | G11: 9.904 | H11: 16 | K11: =IFERROR(J11/I11,"") | L11: 0 | M11: https://volleyballlife.com/tournament/36208
A12: 46173 | B12: Highline | C12: Highline - Men's/Women's Open $3K | D12: East Beach, Santa Barbara | E12: 1 | F12: 13 | G12: 8.574 | H12: 2 | I12: 12 | J12: 9 | K12: =IFERROR(J12/I12,"") | L12: 1 | M12: https://volleyballlife.com/tournament/37912
A13: 46186 | B13: Highline | C13: Highline - Men's/Women's Open | D13: Ocean Park North | E13: 1 | F13: 17 | G13: 10.09 | H13: 14 | I13: 5.5 | J13: 2.25 | K13: =IFERROR(J13/I13,"") | L13: 4 | M13: https://volleyballlife.com/tournament/38944
A14: 46222 | B14: Highline | C14: Highline - Men's/Women's Open $2.5K | D14: East Beach, Santa Barbara | E14: 1 | F14: 15 | G14: 8.258 | H14: 5 | I14: 12 | J14: 5 | K14: =IFERROR(J14/I14,"") | L14: 2 | M14: https://volleyballlife.com/tournament/39873
A15: 46228 | B15: Highline | C15: Highline - Men's/Women's $2.5K | D15: Coronado Beach | E15: 1 | F15: 9 | G15: 7.365 | H15: 0 | I15: 9 | J15: 0 | K15: =IFERROR(J15/I15,"") | L15: 1 | M15: https://volleyballlife.com/tournament/39874
A16: 46256 | B16: AVP Next | C16: Highline - Santa Monica AVP NEXT | D16: Santa Monica Pier | E16: 2 | F16: 17 | G16: 9.9345 | H16: 16 | I16: 8.8 | J16: 6 | K16: =IFERROR(J16/I16,"") | L16: 5 | M16: https://volleyballlife.com/tournament/34776
A17: 46285 | B17: Highline | C17: Highline - Men's/Women's $2.5K | D17: Coronado Beach | E17: 1 | F17: 10 | G17: 7.8395 | H17: 0 | K17: =IFERROR(J17/I17,"") | L17: 0 | M17: https://volleyballlife.com/tournament/41301
A18: 46313 | B18: Highline | C18: Highline - Men's A / Women's A / Women's Open | D18: Coronado Beach | E18: 1 | F18: 12 | G18: 7.652 | H18: 0 | K18: =IFERROR(J18/I18,"") | L18: 0 | M18: https://volleyballlife.com/tournament/41947
A19: 46313 | B19: Highline | C19: Highline - Men's A / Women's A / Women's Open | D19: Coronado Beach | E19: 1 | F19: 19 | G19: 6.292 | H19: 0 | K19: =IFERROR(J19/I19,"") | L19: 0 | M19: https://volleyballlife.com/tournament/41947
A21: Every Highline or AVP Next women's open draw in California since 2025. Rated pairs is how many pairs rated within her own band were in that draw, and it is the sample the sets and contested columns rest on: a figure resting on one or two pairs is one or two teams' afternoon, not a property of the event. The medians and the count above her rest on the whole entry list.

Sheet Beach Pro Tour
A1: Tier | B1: Where | C1: US entrants rated | D1: Field median | E1: Weakest | F1: Below her | G1: Her match odds
A2: Mexico Elite16 | B2: Tepic, Quintana Roo | C2: 22 | D2: 12.6125 | E2: 10.727 | F2: 0 | G2: =1/(1+EXP(D2-Key!$B$5))
A3: Mexico Challenge | B3: Tlaxcala, Nayarit, Yucatan, Veracruz, Guadalajara, La Paz | C3: 138 | D3: 11.609 | E3: 9.198 | F3: 0.086956522 | G3: =1/(1+EXP(D3-Key!$B$5))
A4: Elite16, worldwide | B4: the sixteen-team top tier | C4: 712 | D4: 12.352 | E4: 9.081 | F4: 0.0028089888 | G4: =1/(1+EXP(D4-Key!$B$5))
A5: Challenge, worldwide | B5: the tier below it | C5: 322 | D5: 11.58 | E5: 8.367 | F5: 0.031055901 | G5: =1/(1+EXP(D5-Key!$B$5))
A6: Futures, the Americas | B6: Pompano Beach FL, Halifax CAN - never Mexico | C6: 49 | D6: 10.666 | E6: 7.701 | F6: 0.24489796 | G6: =1/(1+EXP(D6-Key!$B$5))
A7: Futures, worldwide | B7: mostly Europe and China | C7: 491 | D7: 9.971 | E7: 4.776 | F7: 0.38289206 | G7: =1/(1+EXP(D7-Key!$B$5))
A9: The star ratings belonged to the FIVB World Tour, whose last season was 2021; the Beach Pro Tour replaced it in 2022 with Futures, Challenge and Elite16, of which Futures is roughly where the old one-star sat. There has never been a Futures in Mexico. Ratings are the American entrants in each draw, because the US entry list is the one she would have to be on. Match odds are the logistic fitted to 7,000 rated CBVA women's matches, applied to her pair rating on Key.
